               epoch,      train/box_loss,      train/obj_loss,      train/cls_loss,   metrics/precision,      metrics/recall,     metrics/mAP_0.5,metrics/mAP_0.5:0.95,        val/box_loss,        val/obj_loss,        val/cls_loss,               x/lr0,               x/lr1,               x/lr2
                   0,             0.13569,             0.09422,            0.052026,             0.14964,              0.1329,            0.064113,            0.023575,             0.11609,             0.10989,            0.044832,           0.0033251,           0.0033251,            0.070074
                   1,             0.11824,             0.11654,            0.039324,             0.38253,             0.15091,            0.089416,            0.035013,             0.11019,             0.11425,            0.040436,           0.0066583,           0.0066583,            0.040074
                   2,             0.11495,              0.1186,            0.036716,             0.40777,             0.18079,             0.10431,            0.041614,             0.10832,             0.11622,            0.038939,           0.0099908,           0.0099908,            0.010073
                   3,             0.11213,             0.12196,            0.034709,              0.4724,             0.19869,             0.14603,            0.064376,             0.10511,             0.11551,            0.038358,           0.0099978,           0.0099978,           0.0099978
                   4,             0.11014,             0.11933,            0.033318,             0.50701,             0.19217,             0.16289,            0.072709,             0.10365,             0.11359,            0.036024,           0.0099978,           0.0099978,           0.0099978
                   5,             0.10869,             0.11881,            0.032404,              0.5051,             0.21525,             0.17623,            0.080248,               0.103,             0.11393,            0.035384,           0.0099961,           0.0099961,           0.0099961
                   6,             0.10762,             0.11825,            0.031748,             0.52251,             0.21454,              0.1868,            0.086189,              0.1026,             0.11545,            0.035631,           0.0099938,           0.0099938,           0.0099938
                   7,             0.10735,              0.1184,            0.031374,             0.45407,             0.20051,             0.18868,            0.088588,             0.10191,             0.11401,            0.035051,           0.0099911,           0.0099911,           0.0099911
                   8,             0.10655,             0.11834,            0.031125,             0.45741,             0.21339,             0.20459,            0.095379,             0.10143,             0.11363,            0.034494,           0.0099879,           0.0099879,           0.0099879
                   9,             0.10654,             0.11905,            0.030409,             0.55161,             0.22137,             0.20808,             0.10033,              0.1011,             0.11429,            0.034037,           0.0099842,           0.0099842,           0.0099842
                  10,             0.10584,             0.11851,            0.030226,             0.47239,             0.23686,              0.2132,             0.10196,             0.10077,             0.11336,            0.033823,             0.00998,             0.00998,             0.00998
                  11,             0.10594,             0.11898,            0.030004,             0.42282,             0.24533,             0.22594,             0.10859,             0.10065,             0.11261,            0.033748,           0.0099753,           0.0099753,           0.0099753
                  12,             0.10541,             0.11826,            0.029626,             0.55719,             0.23469,              0.2288,             0.11048,             0.10072,             0.11319,            0.033924,           0.0099702,           0.0099702,           0.0099702
                  13,             0.10486,             0.11678,             0.02936,             0.42677,             0.25688,             0.23749,             0.11463,             0.10005,             0.11244,            0.033135,           0.0099645,           0.0099645,           0.0099645
                  14,              0.1047,             0.11678,            0.029064,             0.32432,             0.25641,             0.23735,             0.11551,            0.099866,             0.11294,            0.033284,           0.0099584,           0.0099584,           0.0099584
                  15,             0.10491,             0.11772,            0.028811,             0.33587,             0.25511,             0.23671,             0.11557,            0.099599,             0.11289,            0.033145,           0.0099517,           0.0099517,           0.0099517
                  16,              0.1043,             0.11599,            0.028709,             0.35592,             0.26939,             0.24472,              0.1183,            0.099791,             0.11277,             0.03323,           0.0099446,           0.0099446,           0.0099446
                  17,             0.10417,              0.1168,            0.028371,             0.32605,             0.27035,             0.25092,             0.12283,            0.099462,             0.11232,            0.032956,            0.009937,            0.009937,            0.009937
                  18,             0.10392,             0.11718,            0.028442,             0.37769,             0.26088,             0.25345,             0.12432,            0.099291,             0.11204,            0.032929,           0.0099289,           0.0099289,           0.0099289
                  19,             0.10355,             0.11661,            0.028121,             0.34401,             0.29813,             0.26382,             0.13134,            0.099087,             0.11195,            0.032585,           0.0099203,           0.0099203,           0.0099203
                  20,              0.1038,             0.11795,             0.02794,             0.37164,             0.27281,             0.26227,             0.12856,            0.099063,             0.11208,            0.032358,           0.0099112,           0.0099112,           0.0099112
                  21,             0.10333,             0.11683,            0.027997,             0.38351,             0.26634,             0.26583,             0.13147,            0.098859,             0.11216,            0.032487,           0.0099017,           0.0099017,           0.0099017
                  22,             0.10357,             0.11648,            0.027645,             0.32369,              0.3046,              0.2657,              0.1326,            0.098832,             0.11277,            0.032382,           0.0098916,           0.0098916,           0.0098916
                  23,             0.10332,             0.11665,            0.027877,             0.36846,             0.28945,             0.26958,              0.1368,            0.098912,             0.11218,            0.032483,           0.0098811,           0.0098811,           0.0098811
                  24,               0.103,             0.11574,            0.027613,             0.38154,             0.28818,             0.27556,              0.1385,            0.098572,             0.11187,            0.032131,           0.0098701,           0.0098701,           0.0098701
                  25,             0.10292,             0.11595,            0.027382,             0.37068,             0.28957,             0.27452,               0.137,             0.09869,             0.11199,            0.032067,           0.0098586,           0.0098586,           0.0098586
                  26,             0.10298,             0.11692,            0.027364,             0.37701,             0.28193,             0.27045,             0.13605,            0.098469,             0.11219,            0.032313,           0.0098467,           0.0098467,           0.0098467
                  27,              0.1026,             0.11511,            0.027117,             0.38619,             0.29293,             0.27715,             0.13856,            0.098402,             0.11246,            0.032184,           0.0098342,           0.0098342,           0.0098342
                  28,             0.10275,             0.11635,            0.026898,             0.37576,              0.2982,             0.27761,             0.14001,             0.09833,             0.11241,            0.031976,           0.0098213,           0.0098213,           0.0098213
                  29,             0.10256,             0.11584,            0.027137,             0.36475,             0.30078,             0.27891,             0.14187,            0.098383,             0.11207,            0.031844,           0.0098079,           0.0098079,           0.0098079
                  30,             0.10247,             0.11583,            0.026969,             0.38918,             0.28914,             0.27964,             0.14012,            0.098181,             0.11185,            0.031934,           0.0097941,           0.0097941,           0.0097941
                  31,             0.10265,              0.1152,            0.027022,             0.40873,             0.29726,             0.28831,             0.14379,            0.098153,             0.11184,            0.031539,           0.0097798,           0.0097798,           0.0097798
                  32,             0.10278,             0.11607,            0.026821,              0.3789,             0.30434,              0.2899,             0.14592,            0.098154,             0.11218,            0.031602,            0.009765,            0.009765,            0.009765
                  33,             0.10209,             0.11394,            0.026751,             0.41576,             0.29625,             0.29056,             0.14495,            0.097884,             0.11187,            0.031751,           0.0097497,           0.0097497,           0.0097497
                  34,             0.10203,             0.11501,            0.026657,             0.39897,             0.30717,             0.29474,             0.15038,            0.097865,             0.11145,             0.03156,            0.009734,            0.009734,            0.009734
                  35,             0.10206,             0.11487,            0.026349,             0.38096,             0.30267,             0.28754,             0.14547,            0.097816,             0.11194,            0.031714,           0.0097178,           0.0097178,           0.0097178
                  36,             0.10165,             0.11431,            0.026446,             0.38001,             0.30939,             0.28827,             0.14649,            0.097817,             0.11215,            0.031758,           0.0097011,           0.0097011,           0.0097011
                  37,             0.10147,             0.11484,            0.026378,             0.38163,             0.31753,              0.2953,             0.14895,            0.097825,             0.11171,            0.031556,            0.009684,            0.009684,            0.009684
                  38,             0.10137,             0.11404,            0.026299,             0.43178,             0.29084,             0.29491,             0.15196,            0.097577,             0.11158,            0.031376,           0.0096664,           0.0096664,           0.0096664
                  39,             0.10171,             0.11407,            0.026304,             0.39011,             0.31429,             0.29816,             0.15228,            0.097521,             0.11151,             0.03136,           0.0096484,           0.0096484,           0.0096484
                  40,             0.10175,             0.11487,            0.025997,             0.37415,              0.3204,             0.29728,             0.15108,            0.097567,             0.11166,            0.031335,           0.0096299,           0.0096299,           0.0096299
                  41,              0.1015,             0.11551,             0.02587,             0.41416,             0.30359,              0.2973,             0.15124,            0.097491,             0.11188,            0.031475,            0.009611,            0.009611,            0.009611
                  42,             0.10143,             0.11485,            0.026184,             0.38775,             0.31474,             0.30021,             0.15505,            0.097424,             0.11137,            0.031244,           0.0095916,           0.0095916,           0.0095916
                  43,             0.10161,             0.11448,            0.025951,             0.39251,             0.31897,             0.30279,             0.15547,            0.097323,              0.1118,            0.031315,           0.0095717,           0.0095717,           0.0095717
                  44,             0.10125,             0.11445,            0.025721,             0.40672,             0.31438,             0.30232,             0.15517,            0.097435,             0.11147,            0.031272,           0.0095514,           0.0095514,           0.0095514
                  45,             0.10151,             0.11376,            0.025821,              0.4236,             0.31172,              0.3074,              0.1583,            0.097256,              0.1112,            0.031027,           0.0095307,           0.0095307,           0.0095307
                  46,             0.10141,             0.11312,            0.025641,             0.39295,             0.32539,             0.30826,             0.15804,            0.097211,             0.11153,            0.030879,           0.0095095,           0.0095095,           0.0095095
                  47,             0.10138,             0.11336,            0.025719,              0.4281,             0.29779,             0.30315,             0.15575,            0.097262,             0.11162,            0.031134,           0.0094879,           0.0094879,           0.0094879
                  48,             0.10107,             0.11316,            0.025685,             0.42036,             0.31895,             0.30878,             0.15846,             0.09714,             0.11156,            0.030995,           0.0094659,           0.0094659,           0.0094659
                  49,             0.10101,              0.1131,            0.025484,             0.40944,             0.32419,             0.30957,             0.15982,            0.097034,             0.11131,            0.030884,           0.0094434,           0.0094434,           0.0094434
                  50,             0.10111,             0.11366,            0.025305,             0.41782,             0.31672,              0.3097,             0.16062,             0.09703,             0.11128,             0.03087,           0.0094205,           0.0094205,           0.0094205
                  51,             0.10093,             0.11336,            0.025314,             0.42196,             0.31859,             0.31189,             0.16051,            0.097042,             0.11139,            0.030904,           0.0093971,           0.0093971,           0.0093971
                  52,             0.10067,              0.1129,            0.025337,              0.3835,             0.33402,             0.30953,             0.16032,            0.096977,             0.11159,            0.030769,           0.0093733,           0.0093733,           0.0093733
                  53,              0.1008,             0.11344,            0.025444,             0.42326,             0.31587,             0.31041,             0.16066,             0.09689,             0.11115,            0.030871,           0.0093491,           0.0093491,           0.0093491
                  54,             0.10102,             0.11326,            0.025151,             0.40586,             0.33033,             0.31552,             0.16316,            0.096854,             0.11096,            0.030661,           0.0093245,           0.0093245,           0.0093245
                  55,             0.10079,             0.11374,            0.025123,             0.44462,              0.3096,             0.31366,             0.16267,             0.09683,             0.11119,            0.030662,           0.0092995,           0.0092995,           0.0092995
                  56,             0.10068,             0.11365,            0.025164,             0.41056,             0.32776,             0.31745,             0.16319,             0.09683,             0.11126,             0.03084,            0.009274,            0.009274,            0.009274
                  57,             0.10057,             0.11406,            0.025248,             0.42178,             0.32137,             0.31321,              0.1623,            0.096826,              0.1113,            0.030943,           0.0092481,           0.0092481,           0.0092481
                  58,             0.10064,             0.11386,            0.025247,             0.43377,             0.32033,              0.3175,             0.16423,            0.096721,             0.11116,            0.030639,           0.0092219,           0.0092219,           0.0092219
                  59,             0.10083,             0.11476,            0.025114,             0.43657,             0.32096,             0.31845,             0.16494,            0.096683,             0.11093,            0.030711,           0.0091952,           0.0091952,           0.0091952
                  60,             0.10074,             0.11297,            0.024975,               0.396,              0.3429,             0.32167,             0.16704,            0.096673,             0.11109,            0.030552,           0.0091681,           0.0091681,           0.0091681
                  61,             0.10093,             0.11229,            0.024949,             0.42006,             0.32904,             0.31922,             0.16624,            0.096636,              0.1114,            0.030593,           0.0091406,           0.0091406,           0.0091406
                  62,             0.10033,             0.11331,            0.024875,             0.41849,             0.32957,             0.32253,             0.16822,            0.096598,             0.11098,            0.030464,           0.0091127,           0.0091127,           0.0091127
                  63,             0.10047,             0.11346,            0.024924,             0.40843,             0.33821,             0.32163,             0.16798,            0.096603,             0.11104,            0.030597,           0.0090844,           0.0090844,           0.0090844
                  64,              0.1004,             0.11302,             0.02485,             0.43746,             0.32352,              0.3213,             0.16864,            0.096563,             0.11105,             0.03063,           0.0090557,           0.0090557,           0.0090557
                  65,             0.10003,             0.11212,            0.024845,             0.44209,              0.3217,             0.32249,             0.16956,            0.096535,             0.11088,             0.03056,           0.0090266,           0.0090266,           0.0090266
                  66,             0.10043,             0.11159,             0.02466,             0.44313,             0.32053,             0.32548,             0.17118,            0.096429,             0.11099,            0.030295,           0.0089972,           0.0089972,           0.0089972
                  67,             0.10031,             0.11179,            0.024838,             0.43715,             0.33406,             0.32534,             0.17141,            0.096467,             0.11101,            0.030234,           0.0089673,           0.0089673,           0.0089673
                  68,             0.10041,             0.11271,            0.024508,             0.42855,             0.33436,             0.32337,             0.16892,            0.096423,             0.11092,            0.030283,           0.0089371,           0.0089371,           0.0089371
                  69,             0.10015,             0.11259,            0.024577,             0.41532,             0.33843,             0.32506,              0.1693,            0.096398,             0.11085,             0.03031,           0.0089065,           0.0089065,           0.0089065
                  70,             0.10017,             0.11206,            0.024575,             0.45793,             0.31823,             0.32321,             0.16954,            0.096441,             0.11118,            0.030351,           0.0088755,           0.0088755,           0.0088755
                  71,             0.09962,             0.11116,            0.024532,             0.43811,             0.33496,             0.32719,              0.1733,            0.096414,             0.11099,            0.030405,           0.0088442,           0.0088442,           0.0088442
                  72,            0.099703,              0.1119,            0.024298,             0.46161,             0.32378,             0.32773,              0.1736,            0.096345,              0.1109,            0.030256,           0.0088124,           0.0088124,           0.0088124
                  73,             0.10013,              0.1131,            0.024439,             0.43715,             0.33074,             0.32583,             0.17124,            0.096382,             0.11098,            0.030328,           0.0087804,           0.0087804,           0.0087804
                  74,            0.099831,             0.11296,             0.02452,             0.43646,             0.33401,             0.32569,             0.17154,            0.096348,             0.11109,             0.03034,           0.0087479,           0.0087479,           0.0087479
                  75,             0.09984,             0.11189,            0.024275,               0.453,             0.32413,             0.32641,             0.17123,            0.096333,              0.1111,            0.030333,           0.0087151,           0.0087151,           0.0087151
                  76,            0.099749,             0.11027,            0.024423,             0.42651,             0.34004,             0.32798,             0.17219,            0.096302,             0.11123,             0.03032,            0.008682,            0.008682,            0.008682
                  77,            0.099862,             0.11105,            0.024296,             0.41164,             0.34287,             0.32453,             0.17027,            0.096289,             0.11125,            0.030177,           0.0086485,           0.0086485,           0.0086485
                  78,            0.099899,             0.11172,            0.024174,             0.45842,             0.32149,             0.32684,             0.17118,            0.096229,             0.11104,            0.030217,           0.0086146,           0.0086146,           0.0086146
                  79,            0.099621,             0.11047,            0.024353,              0.4299,             0.33559,             0.32846,             0.17218,            0.096256,             0.11103,            0.030179,           0.0085805,           0.0085805,           0.0085805
                  80,            0.099535,             0.11117,            0.024254,             0.43939,              0.3291,             0.32856,             0.17295,            0.096234,             0.11118,            0.030142,           0.0085459,           0.0085459,           0.0085459
                  81,            0.099662,             0.11148,            0.024227,             0.45973,             0.32338,             0.32907,             0.17428,            0.096181,             0.11113,            0.030213,           0.0085111,           0.0085111,           0.0085111
                  82,            0.099942,             0.11262,            0.024037,             0.44146,             0.33606,             0.32983,              0.1741,            0.096158,             0.11125,            0.030208,           0.0084759,           0.0084759,           0.0084759
                  83,            0.099731,             0.11127,            0.024086,             0.47699,             0.32046,             0.33293,             0.17507,            0.096127,             0.11107,            0.030184,           0.0084404,           0.0084404,           0.0084404
                  84,            0.099657,             0.10991,            0.024037,             0.45177,             0.33286,             0.33383,             0.17571,             0.09614,              0.1113,            0.030183,           0.0084046,           0.0084046,           0.0084046
                  85,            0.099718,             0.11317,            0.023991,             0.44176,             0.33282,             0.33176,              0.1753,            0.096091,             0.11122,            0.030187,           0.0083684,           0.0083684,           0.0083684
                  86,            0.099515,             0.11183,            0.023852,              0.4327,             0.34082,             0.33219,              0.1752,            0.096106,             0.11111,            0.030169,           0.0083319,           0.0083319,           0.0083319
                  87,            0.099589,             0.11248,            0.023935,             0.43957,             0.33533,             0.33127,             0.17588,            0.096094,              0.1111,            0.030144,           0.0082952,           0.0082952,           0.0082952
                  88,            0.099177,             0.10988,            0.023975,             0.44772,             0.33199,              0.3315,             0.17617,            0.096056,             0.11128,            0.030169,           0.0082581,           0.0082581,           0.0082581
                  89,            0.099174,             0.11153,            0.024034,              0.4383,             0.33922,             0.33449,             0.17764,            0.096012,             0.11113,            0.030123,           0.0082207,           0.0082207,           0.0082207
                  90,            0.099443,             0.11052,            0.023959,             0.48433,             0.31835,             0.33433,              0.1778,            0.095987,             0.11114,             0.03007,            0.008183,            0.008183,            0.008183
                  91,              0.0991,             0.11111,            0.023875,              0.4768,             0.32736,             0.33754,               0.179,            0.095995,              0.1111,            0.030087,            0.008145,            0.008145,            0.008145
                  92,            0.099487,             0.10987,             0.02373,             0.45794,             0.33238,             0.33453,             0.17807,            0.096003,             0.11128,            0.030149,           0.0081068,           0.0081068,           0.0081068
                  93,             0.09904,             0.11102,            0.023632,             0.44401,             0.34137,             0.33415,              0.1776,            0.095951,             0.11114,            0.030186,           0.0080682,           0.0080682,           0.0080682
                  94,            0.099711,             0.11232,            0.023743,             0.47935,              0.3248,             0.33707,             0.17928,            0.095912,              0.1111,             0.03007,           0.0080294,           0.0080294,           0.0080294
                  95,            0.099249,             0.11084,            0.023721,             0.44914,             0.33937,             0.33675,             0.17836,            0.095882,             0.11113,            0.030026,           0.0079903,           0.0079903,           0.0079903
                  96,            0.099277,             0.11062,             0.02376,             0.46589,             0.33031,              0.3366,              0.1783,            0.095881,             0.11113,            0.030055,           0.0079509,           0.0079509,           0.0079509
                  97,             0.09928,             0.11067,            0.023697,             0.48038,              0.3254,             0.33705,             0.17836,             0.09585,             0.11118,            0.030037,           0.0079112,           0.0079112,           0.0079112
                  98,            0.099216,             0.11176,            0.023551,             0.43018,             0.35045,             0.33787,             0.17932,            0.095832,             0.11111,                0.03,           0.0078713,           0.0078713,           0.0078713
                  99,            0.099527,             0.11089,            0.023479,             0.42891,             0.35477,             0.33828,             0.18003,            0.095851,             0.11114,            0.029971,           0.0078311,           0.0078311,           0.0078311
                 100,             0.09936,             0.11098,            0.023488,             0.44868,             0.34333,             0.33957,             0.18044,            0.095836,             0.11108,            0.029988,           0.0077907,           0.0077907,           0.0077907
                 101,            0.099079,             0.11006,             0.02367,             0.44885,             0.34348,             0.33819,             0.17958,            0.095831,             0.11107,            0.029989,             0.00775,             0.00775,             0.00775
                 102,            0.098923,             0.11055,            0.023414,              0.4695,             0.33825,             0.33929,             0.18043,            0.095803,             0.11098,            0.030014,           0.0077091,           0.0077091,           0.0077091
                 103,            0.099231,             0.11073,            0.023328,              0.4532,             0.34296,             0.34012,             0.18121,            0.095768,             0.11101,            0.029969,           0.0076679,           0.0076679,           0.0076679
                 104,              0.0992,             0.11204,            0.023299,              0.4522,             0.34381,             0.34068,             0.18151,            0.095746,             0.11107,            0.029938,           0.0076265,           0.0076265,           0.0076265
                 105,            0.098572,             0.11042,            0.023402,             0.45747,             0.34092,             0.34095,             0.18151,            0.095751,             0.11108,             0.02996,           0.0075848,           0.0075848,           0.0075848
                 106,            0.099022,             0.10988,            0.023208,             0.43765,             0.35265,             0.34064,              0.1818,            0.095759,             0.11111,            0.029975,            0.007543,            0.007543,            0.007543
                 107,            0.098594,             0.10992,            0.023209,             0.43704,             0.35211,             0.34135,              0.1823,            0.095752,             0.11115,            0.029991,           0.0075009,           0.0075009,           0.0075009
                 108,            0.099013,             0.10985,            0.023199,             0.46256,             0.33825,             0.34097,              0.1822,            0.095739,              0.1112,            0.029995,           0.0074585,           0.0074585,           0.0074585
                 109,            0.099235,             0.11134,            0.023241,              0.4626,             0.34168,             0.34152,             0.18201,            0.095751,             0.11125,            0.029987,            0.007416,            0.007416,            0.007416
                 110,            0.099155,             0.11048,            0.023287,             0.44306,             0.35158,             0.34175,             0.18237,            0.095753,             0.11134,            0.029983,           0.0073733,           0.0073733,           0.0073733
                 111,            0.098843,             0.11021,            0.023132,              0.4316,             0.35956,             0.34151,             0.18221,            0.095767,             0.11134,            0.030005,           0.0073303,           0.0073303,           0.0073303
                 112,            0.098573,             0.10953,            0.023174,             0.45209,             0.34531,             0.34165,             0.18301,            0.095756,             0.11136,            0.030021,           0.0072872,           0.0072872,           0.0072872
                 113,            0.098871,             0.11002,            0.023191,             0.48359,             0.32878,             0.34141,             0.18266,            0.095736,             0.11135,            0.030026,           0.0072438,           0.0072438,           0.0072438
                 114,            0.098581,             0.10923,            0.023133,             0.47223,              0.3338,             0.34172,             0.18268,            0.095721,             0.11138,            0.030024,           0.0072003,           0.0072003,           0.0072003
                 115,            0.098992,             0.11076,            0.023059,             0.43774,             0.35149,             0.34072,             0.18209,             0.09572,             0.11133,            0.030058,           0.0071566,           0.0071566,           0.0071566
                 116,            0.098503,             0.10967,            0.023006,             0.50291,              0.3208,             0.34104,             0.18258,            0.095721,             0.11131,            0.030043,           0.0071127,           0.0071127,           0.0071127
                 117,            0.098491,             0.11024,            0.023178,             0.47824,             0.33125,             0.34129,             0.18261,             0.09571,             0.11134,            0.030039,           0.0070686,           0.0070686,           0.0070686
                 118,            0.098628,             0.10935,            0.023065,             0.47609,             0.33204,             0.34096,             0.18288,            0.095719,             0.11134,            0.030033,           0.0070243,           0.0070243,           0.0070243
                 119,            0.098867,             0.10944,            0.022958,             0.45195,             0.34521,             0.34161,             0.18349,            0.095701,             0.11132,            0.030022,           0.0069799,           0.0069799,           0.0069799
                 120,             0.09864,             0.10863,            0.022951,             0.45224,             0.34575,             0.34264,             0.18422,            0.095695,             0.11134,            0.030014,           0.0069353,           0.0069353,           0.0069353
                 121,            0.098446,             0.10919,            0.023004,             0.48554,             0.33232,             0.34374,             0.18453,            0.095683,             0.11128,            0.030004,           0.0068906,           0.0068906,           0.0068906
                 122,            0.098465,             0.10911,            0.022771,             0.46277,             0.34413,             0.34435,             0.18501,            0.095666,              0.1113,            0.030001,           0.0068457,           0.0068457,           0.0068457
                 123,            0.098561,             0.10995,            0.022897,             0.46483,             0.34319,             0.34471,             0.18502,            0.095655,             0.11135,            0.030002,           0.0068006,           0.0068006,           0.0068006
                 124,             0.09856,              0.1095,            0.022873,             0.44962,             0.34993,             0.34408,             0.18497,            0.095645,             0.11137,            0.029994,           0.0067555,           0.0067555,           0.0067555
                 125,            0.098327,             0.10958,            0.022813,             0.48233,             0.33409,             0.34462,              0.1846,            0.095642,              0.1113,            0.029993,           0.0067101,           0.0067101,           0.0067101
                 126,            0.098284,             0.10851,            0.022749,             0.48768,             0.33258,             0.34517,             0.18529,            0.095643,             0.11131,            0.029995,           0.0066647,           0.0066647,           0.0066647
                 127,            0.098443,             0.10975,            0.022678,             0.45108,             0.35056,               0.345,             0.18551,            0.095633,             0.11133,            0.029976,           0.0066191,           0.0066191,           0.0066191
                 128,            0.098361,             0.10931,            0.022482,             0.47309,             0.34105,             0.34462,             0.18564,            0.095634,             0.11132,            0.029984,           0.0065734,           0.0065734,           0.0065734
                 129,            0.098149,             0.10839,            0.022698,             0.48413,             0.33613,             0.34522,             0.18551,            0.095626,             0.11133,            0.029989,           0.0065276,           0.0065276,           0.0065276
                 130,             0.09848,             0.10965,            0.022612,             0.47913,             0.33835,             0.34589,             0.18581,            0.095628,             0.11129,             0.03001,           0.0064816,           0.0064816,           0.0064816
                 131,            0.098021,             0.10752,            0.022507,             0.48371,             0.33596,             0.34593,             0.18615,            0.095627,             0.11134,            0.030023,           0.0064356,           0.0064356,           0.0064356
                 132,             0.09812,             0.10877,            0.022712,             0.47486,             0.33952,             0.34559,             0.18654,            0.095623,              0.1114,            0.030025,           0.0063895,           0.0063895,           0.0063895
                 133,            0.098216,             0.10882,            0.022488,             0.46802,             0.34242,             0.34561,             0.18622,            0.095622,             0.11137,            0.030019,           0.0063432,           0.0063432,           0.0063432
                 134,             0.09856,             0.10962,            0.022339,             0.44719,             0.35427,             0.34568,             0.18663,            0.095624,             0.11133,            0.030009,           0.0062969,           0.0062969,           0.0062969
                 135,            0.097882,             0.10864,            0.022629,              0.4897,              0.3337,             0.34654,             0.18695,            0.095612,             0.11135,            0.030003,           0.0062505,           0.0062505,           0.0062505
                 136,            0.098103,             0.10941,            0.022504,             0.46544,               0.345,             0.34667,             0.18715,            0.095607,             0.11141,             0.03001,            0.006204,            0.006204,            0.006204
                 137,            0.097931,             0.10853,            0.022499,             0.47526,             0.34082,             0.34616,             0.18693,              0.0956,             0.11142,            0.030007,           0.0061574,           0.0061574,           0.0061574
                 138,            0.098134,             0.10816,            0.022613,             0.46562,             0.34557,             0.34623,             0.18694,            0.095595,             0.11145,            0.029995,           0.0061107,           0.0061107,           0.0061107
                 139,            0.098217,             0.10849,             0.02222,             0.47326,             0.34269,             0.34647,              0.1873,            0.095586,             0.11144,            0.029989,            0.006064,            0.006064,            0.006064
                 140,            0.098002,             0.10758,            0.022345,             0.48049,              0.3404,             0.34657,              0.1872,            0.095579,             0.11144,            0.029985,           0.0060172,           0.0060172,           0.0060172
                 141,            0.097948,               0.108,            0.022357,             0.47879,             0.34066,             0.34643,             0.18684,            0.095575,             0.11144,            0.029984,           0.0059704,           0.0059704,           0.0059704
                 142,            0.097815,             0.10807,            0.022323,             0.47741,             0.34166,             0.34645,             0.18701,            0.095572,             0.11149,            0.029986,           0.0059235,           0.0059235,           0.0059235
                 143,            0.097922,             0.10904,            0.022122,             0.48924,             0.33703,             0.34683,             0.18699,            0.095573,             0.11155,            0.029985,           0.0058766,           0.0058766,           0.0058766
                 144,            0.097893,             0.10724,            0.022334,             0.48031,             0.34043,             0.34761,              0.1875,            0.095568,             0.11157,             0.02998,           0.0058296,           0.0058296,           0.0058296
                 145,             0.09764,             0.10815,              0.0222,             0.49213,             0.33459,             0.34753,             0.18752,            0.095563,             0.11159,            0.029979,           0.0057826,           0.0057826,           0.0057826
                 146,            0.097847,             0.10727,              0.0222,             0.47863,             0.34041,             0.34776,             0.18771,            0.095559,              0.1116,            0.029977,           0.0057355,           0.0057355,           0.0057355
                 147,            0.097588,             0.10763,            0.022216,             0.47687,             0.34125,              0.3473,             0.18781,            0.095558,              0.1116,            0.029977,           0.0056884,           0.0056884,           0.0056884
                 148,            0.097717,             0.10713,            0.022083,             0.47776,             0.34172,             0.34736,             0.18774,            0.095559,             0.11167,            0.029977,           0.0056413,           0.0056413,           0.0056413
                 149,            0.098195,             0.10893,            0.022129,             0.48956,             0.33406,             0.34735,             0.18783,            0.095557,             0.11166,            0.029981,           0.0055942,           0.0055942,           0.0055942
                 150,            0.098064,             0.10815,            0.021964,             0.47416,             0.34119,             0.34721,             0.18773,            0.095558,             0.11164,            0.029986,           0.0055471,           0.0055471,           0.0055471
                 151,            0.097591,             0.10748,            0.022072,             0.48544,             0.33718,             0.34693,             0.18759,            0.095559,             0.11168,            0.029992,              0.0055,              0.0055,              0.0055
                 152,            0.097719,             0.10683,            0.022098,             0.47401,             0.34242,             0.34686,             0.18758,            0.095556,             0.11169,            0.029995,           0.0054529,           0.0054529,           0.0054529
                 153,            0.097408,             0.10643,            0.021888,             0.49273,             0.33355,             0.34652,             0.18755,            0.095558,             0.11173,                0.03,           0.0054058,           0.0054058,           0.0054058
                 154,            0.097574,             0.10683,            0.022147,             0.49575,             0.33286,             0.34672,             0.18754,            0.095558,             0.11172,            0.030003,           0.0053587,           0.0053587,           0.0053587
                 155,            0.097588,             0.10804,            0.021833,             0.46143,              0.3474,             0.34637,             0.18734,            0.095557,             0.11174,            0.030008,           0.0053116,           0.0053116,           0.0053116
                 156,            0.097054,             0.10612,            0.021706,             0.47244,             0.34259,             0.34662,             0.18773,            0.095555,             0.11175,            0.030013,           0.0052645,           0.0052645,           0.0052645
                 157,            0.097551,             0.10675,            0.021681,             0.47529,             0.34151,             0.34672,             0.18778,            0.095555,             0.11173,            0.030012,           0.0052174,           0.0052174,           0.0052174
                 158,            0.097579,             0.10716,            0.021911,             0.47739,             0.34021,             0.34652,             0.18758,            0.095554,             0.11175,            0.030012,           0.0051704,           0.0051704,           0.0051704
                 159,            0.097421,              0.1074,            0.021854,             0.47861,              0.3393,             0.34657,              0.1877,            0.095553,             0.11177,            0.030017,           0.0051234,           0.0051234,           0.0051234
                 160,            0.097245,             0.10755,            0.021836,             0.49258,             0.33391,             0.34658,             0.18758,            0.095551,             0.11179,            0.030016,           0.0050765,           0.0050765,           0.0050765
                 161,            0.097375,              0.1072,             0.02191,             0.49312,             0.33319,             0.34666,             0.18783,            0.095549,             0.11177,            0.030019,           0.0050296,           0.0050296,           0.0050296
                 162,            0.097647,             0.10851,            0.021659,             0.45699,             0.35052,             0.34703,             0.18793,            0.095549,             0.11176,            0.030022,           0.0049828,           0.0049828,           0.0049828
                 163,            0.097232,             0.10767,            0.021599,             0.45694,             0.35084,             0.34693,             0.18775,            0.095548,              0.1118,            0.030026,            0.004936,            0.004936,            0.004936
                 164,            0.097617,              0.1089,            0.021802,             0.46077,             0.34845,             0.34675,              0.1878,            0.095546,             0.11178,            0.030033,           0.0048893,           0.0048893,           0.0048893
                 165,            0.097056,              0.1068,            0.021795,             0.45477,             0.35228,              0.3471,             0.18806,            0.095545,              0.1118,            0.030039,           0.0048426,           0.0048426,           0.0048426
                 166,            0.097374,             0.10731,             0.02157,             0.44973,             0.35455,             0.34672,             0.18786,            0.095543,             0.11182,            0.030045,            0.004796,            0.004796,            0.004796
                 167,             0.09714,             0.10739,            0.021513,             0.45352,              0.3528,              0.3469,             0.18801,            0.095543,              0.1118,             0.03005,           0.0047495,           0.0047495,           0.0047495
                 168,            0.097082,             0.10752,            0.021608,             0.45456,             0.35274,             0.34698,              0.1881,            0.095544,             0.11184,            0.030059,           0.0047031,           0.0047031,           0.0047031
                 169,            0.097273,             0.10779,            0.021571,             0.48292,             0.33786,             0.34681,             0.18826,            0.095543,             0.11185,            0.030064,           0.0046568,           0.0046568,           0.0046568
                 170,            0.097181,             0.10645,            0.021384,             0.47798,             0.34053,              0.3469,             0.18825,            0.095544,             0.11187,            0.030068,           0.0046105,           0.0046105,           0.0046105
                 171,            0.097098,             0.10625,            0.021376,             0.47652,              0.3412,              0.3468,             0.18808,            0.095541,             0.11189,            0.030071,           0.0045644,           0.0045644,           0.0045644
                 172,            0.096879,             0.10615,            0.021384,             0.47301,             0.34321,             0.34692,             0.18804,            0.095538,             0.11186,            0.030074,           0.0045184,           0.0045184,           0.0045184
                 173,            0.096502,             0.10549,            0.021358,             0.48074,             0.33869,             0.34664,             0.18827,            0.095537,             0.11188,            0.030078,           0.0044724,           0.0044724,           0.0044724
                 174,            0.096979,             0.10715,            0.021381,             0.47917,             0.33977,             0.34676,             0.18823,            0.095538,             0.11191,            0.030083,           0.0044266,           0.0044266,           0.0044266
                 175,            0.097541,             0.10889,            0.021455,              0.4795,             0.34011,             0.34685,             0.18828,            0.095537,             0.11192,            0.030085,           0.0043809,           0.0043809,           0.0043809
                 176,            0.096899,             0.10604,            0.021478,             0.48287,             0.33894,             0.34696,             0.18837,            0.095535,             0.11195,            0.030089,           0.0043353,           0.0043353,           0.0043353
                 177,            0.096619,             0.10595,             0.02131,             0.47778,             0.34192,             0.34667,             0.18819,            0.095535,             0.11196,            0.030096,           0.0042899,           0.0042899,           0.0042899
                 178,            0.097229,             0.10711,            0.021297,             0.48483,             0.33936,             0.34668,             0.18826,            0.095533,             0.11197,            0.030098,           0.0042445,           0.0042445,           0.0042445
                 179,            0.096877,             0.10641,            0.021386,             0.47895,             0.34211,             0.34683,             0.18832,            0.095533,             0.11202,            0.030103,           0.0041994,           0.0041994,           0.0041994
                 180,             0.09705,             0.10612,            0.021342,             0.48266,             0.34088,             0.34685,             0.18834,            0.095533,             0.11201,            0.030109,           0.0041543,           0.0041543,           0.0041543
                 181,            0.096977,             0.10684,            0.021163,             0.48216,             0.34106,             0.34668,             0.18842,            0.095533,             0.11202,            0.030113,           0.0041094,           0.0041094,           0.0041094
                 182,            0.096851,              0.1058,            0.021295,             0.48242,             0.34148,             0.34686,             0.18843,            0.095532,             0.11205,            0.030118,           0.0040647,           0.0040647,           0.0040647
                 183,            0.096936,             0.10575,            0.021173,             0.48437,             0.34058,             0.34641,             0.18844,            0.095531,             0.11207,            0.030121,           0.0040201,           0.0040201,           0.0040201
                 184,            0.096853,             0.10563,            0.021219,             0.48582,             0.33997,              0.3466,             0.18828,            0.095529,             0.11206,            0.030123,           0.0039757,           0.0039757,           0.0039757
                 185,            0.096841,             0.10554,            0.021237,             0.48496,             0.34061,             0.34631,              0.1882,            0.095529,             0.11207,            0.030128,           0.0039314,           0.0039314,           0.0039314
                 186,            0.096725,             0.10663,            0.021069,               0.483,             0.34113,             0.34664,              0.1882,            0.095529,             0.11209,             0.03013,           0.0038873,           0.0038873,           0.0038873
                 187,            0.096774,             0.10683,            0.021236,             0.48215,             0.34188,             0.34656,             0.18825,            0.095529,             0.11209,            0.030131,           0.0038434,           0.0038434,           0.0038434
                 188,             0.09674,             0.10588,            0.021124,             0.48125,             0.34189,             0.34609,             0.18807,             0.09553,             0.11211,            0.030136,           0.0037997,           0.0037997,           0.0037997
                 189,            0.096745,             0.10563,            0.020919,             0.48213,             0.34088,             0.34609,             0.18822,            0.095528,             0.11209,            0.030141,           0.0037562,           0.0037562,           0.0037562
                 190,            0.096655,             0.10671,            0.020956,             0.48102,             0.34147,             0.34605,              0.1883,            0.095529,             0.11212,            0.030146,           0.0037128,           0.0037128,           0.0037128
                 191,             0.09651,             0.10505,             0.02118,             0.47446,             0.34433,             0.34599,             0.18817,            0.095527,             0.11214,            0.030148,           0.0036697,           0.0036697,           0.0036697
                 192,            0.096736,             0.10656,            0.020988,             0.47562,             0.34329,             0.34588,              0.1882,            0.095527,             0.11215,            0.030149,           0.0036267,           0.0036267,           0.0036267
                 193,            0.096762,             0.10646,            0.020935,             0.48577,             0.33907,             0.34621,             0.18829,            0.095528,             0.11216,            0.030152,            0.003584,            0.003584,            0.003584
                 194,             0.09622,             0.10477,            0.020952,             0.47783,             0.34272,             0.34694,              0.1885,            0.095528,             0.11219,            0.030155,           0.0035415,           0.0035415,           0.0035415
                 195,            0.096224,             0.10523,            0.020854,             0.47918,             0.34194,             0.34699,             0.18861,            0.095528,             0.11222,            0.030156,           0.0034991,           0.0034991,           0.0034991
                 196,            0.096301,             0.10512,            0.021005,             0.47959,             0.34175,             0.34697,             0.18869,            0.095527,             0.11221,            0.030158,            0.003457,            0.003457,            0.003457
                 197,            0.096097,             0.10439,            0.020602,             0.47492,             0.34347,             0.34715,             0.18872,            0.095526,             0.11225,             0.03016,           0.0034152,           0.0034152,           0.0034152
                 198,            0.096892,             0.10613,            0.020882,             0.47226,             0.34426,             0.34703,             0.18867,            0.095526,             0.11221,            0.030161,           0.0033735,           0.0033735,           0.0033735
                 199,            0.095818,             0.10256,            0.020779,             0.47033,             0.34492,             0.34705,             0.18863,            0.095527,             0.11222,            0.030165,           0.0033321,           0.0033321,           0.0033321
                 200,            0.096413,             0.10534,            0.020567,             0.49093,             0.33596,             0.34722,             0.18868,            0.095528,             0.11226,            0.030167,           0.0032909,           0.0032909,           0.0032909
                 201,            0.096135,             0.10596,            0.020767,             0.49164,             0.33624,             0.34718,             0.18865,            0.095529,             0.11227,            0.030169,             0.00325,             0.00325,             0.00325
                 202,            0.095987,             0.10428,            0.020655,             0.49135,             0.33601,             0.34735,             0.18871,             0.09553,             0.11227,            0.030173,           0.0032093,           0.0032093,           0.0032093
                 203,            0.096524,              0.1064,            0.020773,              0.4972,             0.33356,             0.34749,              0.1886,            0.095529,             0.11229,            0.030176,           0.0031689,           0.0031689,           0.0031689
                 204,             0.09608,             0.10474,            0.020528,             0.49833,              0.3331,             0.34741,             0.18874,            0.095529,             0.11231,            0.030178,           0.0031287,           0.0031287,           0.0031287
                 205,            0.096336,             0.10507,            0.020658,             0.49894,             0.33331,             0.34738,             0.18883,            0.095529,             0.11232,             0.03018,           0.0030888,           0.0030888,           0.0030888
                 206,            0.096487,             0.10491,            0.020574,             0.50046,             0.33232,             0.34731,             0.18876,            0.095531,             0.11235,            0.030184,           0.0030491,           0.0030491,           0.0030491
                 207,            0.096366,             0.10448,             0.02075,             0.48517,             0.33869,             0.34723,              0.1888,            0.095531,             0.11237,            0.030185,           0.0030097,           0.0030097,           0.0030097
                 208,            0.095503,             0.10249,            0.020551,             0.48964,             0.33664,             0.34728,             0.18878,            0.095532,             0.11235,            0.030187,           0.0029706,           0.0029706,           0.0029706
                 209,            0.096119,             0.10504,            0.020487,             0.48813,             0.33724,             0.34721,             0.18893,            0.095532,             0.11235,            0.030192,           0.0029318,           0.0029318,           0.0029318
                 210,            0.095915,             0.10492,            0.020453,             0.48778,             0.33742,             0.34722,             0.18883,            0.095532,             0.11238,            0.030192,           0.0028932,           0.0028932,           0.0028932
                 211,            0.096016,             0.10367,            0.020593,             0.48539,             0.33811,             0.34721,             0.18888,            0.095534,              0.1124,            0.030193,            0.002855,            0.002855,            0.002855
                 212,            0.096102,             0.10362,            0.020388,             0.48385,             0.33884,             0.34702,              0.1887,            0.095534,              0.1124,            0.030196,            0.002817,            0.002817,            0.002817
                 213,            0.096002,             0.10497,            0.020433,             0.48293,             0.33927,             0.34691,             0.18855,            0.095536,             0.11242,            0.030199,           0.0027793,           0.0027793,           0.0027793
                 214,            0.095908,              0.1046,            0.020384,             0.48276,             0.33896,             0.34669,             0.18841,            0.095536,             0.11243,              0.0302,           0.0027419,           0.0027419,           0.0027419
                 215,             0.09566,             0.10319,            0.020319,             0.47876,             0.34071,             0.34675,             0.18853,            0.095536,             0.11247,            0.030202,           0.0027048,           0.0027048,           0.0027048
                 216,            0.095736,             0.10402,            0.020446,             0.48015,             0.34028,             0.34664,             0.18856,            0.095536,              0.1125,            0.030204,           0.0026681,           0.0026681,           0.0026681
                 217,            0.095961,             0.10547,            0.020331,             0.47691,             0.34154,             0.34625,             0.18838,            0.095538,             0.11251,            0.030208,           0.0026316,           0.0026316,           0.0026316
                 218,            0.095899,             0.10336,            0.020242,             0.47733,             0.34171,             0.34638,             0.18842,            0.095539,             0.11251,             0.03021,           0.0025954,           0.0025954,           0.0025954
                 219,            0.096134,             0.10452,            0.020233,             0.47359,              0.3441,             0.34626,             0.18843,             0.09554,             0.11252,            0.030213,           0.0025596,           0.0025596,           0.0025596
                 220,             0.09604,              0.1047,            0.020394,             0.47709,             0.34193,             0.34624,             0.18843,            0.095542,             0.11253,            0.030217,           0.0025241,           0.0025241,           0.0025241
                 221,            0.095464,             0.10318,            0.020032,             0.47872,             0.34123,             0.34617,             0.18844,            0.095542,             0.11258,            0.030219,           0.0024889,           0.0024889,           0.0024889
                 222,            0.096021,             0.10432,            0.020155,             0.47878,             0.34103,              0.3462,             0.18844,            0.095544,             0.11258,            0.030222,           0.0024541,           0.0024541,           0.0024541
                 223,            0.096005,             0.10418,            0.020001,             0.47398,             0.34333,             0.34647,             0.18843,            0.095546,              0.1126,            0.030226,           0.0024195,           0.0024195,           0.0024195
                 224,            0.096023,             0.10376,            0.020127,              0.4793,             0.34086,             0.34626,             0.18837,            0.095548,             0.11261,             0.03023,           0.0023854,           0.0023854,           0.0023854
                 225,            0.095779,             0.10406,            0.020078,             0.47447,             0.34317,             0.34598,             0.18834,            0.095549,             0.11263,            0.030233,           0.0023515,           0.0023515,           0.0023515
                 226,              0.0958,             0.10337,            0.020193,             0.47705,             0.34185,             0.34632,             0.18829,            0.095551,             0.11263,            0.030238,            0.002318,            0.002318,            0.002318
                 227,            0.095927,             0.10445,            0.020154,             0.47471,             0.34304,             0.34637,             0.18827,            0.095553,             0.11267,            0.030242,           0.0022849,           0.0022849,           0.0022849
                 228,            0.095685,             0.10425,            0.020237,             0.48105,             0.33987,             0.34626,             0.18824,            0.095554,             0.11268,            0.030245,           0.0022521,           0.0022521,           0.0022521
                 229,             0.09587,             0.10398,            0.020147,             0.47814,             0.34128,             0.34624,             0.18833,            0.095555,             0.11271,             0.03025,           0.0022196,           0.0022196,           0.0022196
                 230,            0.095837,              0.1041,            0.020174,             0.47856,             0.34121,             0.34619,             0.18819,            0.095557,             0.11274,            0.030255,           0.0021876,           0.0021876,           0.0021876
                 231,            0.095958,             0.10408,            0.020067,             0.47853,             0.34116,             0.34614,             0.18821,            0.095559,             0.11277,             0.03026,           0.0021558,           0.0021558,           0.0021558
                 232,            0.095779,             0.10386,            0.020029,             0.48077,             0.33962,               0.346,             0.18815,            0.095561,              0.1128,            0.030265,           0.0021245,           0.0021245,           0.0021245
                 233,            0.095456,             0.10284,              0.0199,             0.47559,             0.34238,             0.34614,              0.1883,            0.095562,             0.11278,            0.030268,           0.0020935,           0.0020935,           0.0020935
                 234,            0.095243,             0.10277,            0.019787,              0.4751,             0.34219,             0.34602,             0.18823,            0.095565,             0.11282,            0.030275,           0.0020629,           0.0020629,           0.0020629
                 235,            0.095581,             0.10445,            0.019839,             0.45758,             0.35069,             0.34585,             0.18808,            0.095569,             0.11281,            0.030282,           0.0020327,           0.0020327,           0.0020327
                 236,            0.095258,             0.10229,            0.019728,             0.45739,             0.35061,             0.34581,             0.18816,             0.09557,             0.11288,            0.030286,           0.0020028,           0.0020028,           0.0020028
                 237,            0.095034,             0.10116,            0.019834,             0.46691,              0.3461,             0.34574,             0.18812,            0.095573,             0.11287,            0.030289,           0.0019734,           0.0019734,           0.0019734
                 238,            0.095612,             0.10346,            0.019649,             0.46568,             0.34689,             0.34578,             0.18817,            0.095575,              0.1129,            0.030294,           0.0019443,           0.0019443,           0.0019443
                 239,            0.095339,             0.10367,            0.019805,             0.46503,              0.3476,             0.34582,             0.18811,            0.095578,             0.11292,              0.0303,           0.0019156,           0.0019156,           0.0019156
                 240,            0.095477,             0.10299,            0.019805,             0.46202,             0.34862,             0.34546,             0.18806,            0.095579,             0.11293,            0.030304,           0.0018873,           0.0018873,           0.0018873
                 241,            0.095165,             0.10285,            0.019703,             0.46739,             0.34561,              0.3456,               0.188,            0.095582,             0.11293,            0.030311,           0.0018594,           0.0018594,           0.0018594
                 242,            0.095133,             0.10355,            0.019746,             0.46936,             0.34477,             0.34547,             0.18799,            0.095586,             0.11297,            0.030317,           0.0018319,           0.0018319,           0.0018319
                 243,            0.095224,             0.10302,            0.019595,             0.46961,             0.34476,              0.3456,             0.18805,            0.095589,               0.113,            0.030322,           0.0018048,           0.0018048,           0.0018048
                 244,            0.095105,             0.10212,            0.019691,             0.46052,             0.34868,             0.34541,             0.18799,            0.095592,             0.11301,            0.030329,           0.0017781,           0.0017781,           0.0017781
                 245,            0.095337,             0.10292,            0.019627,              0.4684,             0.34409,             0.34502,             0.18792,            0.095595,             0.11301,            0.030332,           0.0017519,           0.0017519,           0.0017519
                 246,            0.095265,             0.10132,            0.019557,             0.46698,             0.34485,             0.34521,             0.18798,            0.095597,             0.11303,            0.030337,            0.001726,            0.001726,            0.001726
                 247,             0.09578,               0.104,            0.019542,             0.46537,             0.34522,             0.34517,             0.18791,            0.095601,             0.11308,            0.030342,           0.0017005,           0.0017005,           0.0017005
                 248,            0.095268,             0.10359,            0.019518,             0.46311,             0.34633,             0.34522,             0.18794,            0.095602,             0.11311,            0.030347,           0.0016755,           0.0016755,           0.0016755
                 249,            0.094999,             0.10285,            0.019655,             0.46028,             0.34774,             0.34492,             0.18796,            0.095605,             0.11315,            0.030352,           0.0016509,           0.0016509,           0.0016509
                 250,            0.095029,             0.10131,            0.019496,               0.464,             0.34578,             0.34473,             0.18789,            0.095608,             0.11315,            0.030358,           0.0016267,           0.0016267,           0.0016267
                 251,            0.095396,             0.10305,            0.019585,             0.46706,             0.34425,             0.34464,             0.18779,            0.095611,             0.11312,            0.030363,           0.0016029,           0.0016029,           0.0016029
                 252,             0.09509,             0.10241,            0.019485,             0.46712,             0.34418,             0.34472,              0.1877,            0.095615,             0.11322,            0.030369,           0.0015795,           0.0015795,           0.0015795
                 253,            0.094965,             0.10207,            0.019603,             0.46522,             0.34468,             0.34474,             0.18767,            0.095617,             0.11324,            0.030375,           0.0015566,           0.0015566,           0.0015566
                 254,            0.095354,             0.10286,            0.019474,             0.46497,             0.34464,             0.34465,             0.18773,            0.095618,             0.11327,            0.030381,           0.0015341,           0.0015341,           0.0015341
                 255,            0.094916,             0.10325,            0.019661,             0.46775,               0.343,             0.34471,              0.1877,            0.095621,              0.1133,            0.030387,           0.0015121,           0.0015121,           0.0015121
                 256,            0.095114,             0.10289,            0.019553,             0.48374,             0.33603,             0.34491,             0.18775,            0.095623,             0.11331,            0.030394,           0.0014905,           0.0014905,           0.0014905
                 257,            0.094612,             0.10235,            0.019508,              0.4786,              0.3384,             0.34469,             0.18774,            0.095625,             0.11332,              0.0304,           0.0014693,           0.0014693,           0.0014693
                 258,            0.094904,             0.10109,            0.019474,             0.48347,             0.33572,             0.34454,             0.18757,            0.095628,             0.11337,            0.030407,           0.0014486,           0.0014486,           0.0014486
                 259,            0.094518,             0.10265,            0.019363,             0.48001,             0.33727,             0.34462,              0.1876,            0.095632,              0.1134,            0.030416,           0.0014283,           0.0014283,           0.0014283
                 260,            0.094816,             0.10233,            0.019171,             0.48242,             0.33605,             0.34447,              0.1875,            0.095634,             0.11346,            0.030423,           0.0014084,           0.0014084,           0.0014084
                 261,             0.09534,             0.10413,            0.019427,             0.47815,              0.3374,             0.34423,              0.1874,            0.095638,             0.11344,             0.03043,            0.001389,            0.001389,            0.001389
                 262,            0.095041,             0.10239,            0.019501,             0.47553,             0.33924,             0.34452,             0.18741,            0.095641,             0.11346,            0.030435,           0.0013701,           0.0013701,           0.0013701
                 263,            0.094692,             0.10102,            0.019342,             0.46793,             0.34219,              0.3444,             0.18732,            0.095644,             0.11353,            0.030444,           0.0013516,           0.0013516,           0.0013516
                 264,            0.095173,             0.10217,            0.019233,             0.46717,             0.34269,             0.34432,             0.18739,            0.095646,             0.11348,            0.030451,           0.0013336,           0.0013336,           0.0013336
                 265,            0.095139,             0.10398,            0.019401,             0.46343,              0.3443,             0.34424,             0.18733,             0.09565,             0.11357,            0.030458,            0.001316,            0.001316,            0.001316
                 266,            0.095111,             0.10165,            0.019267,             0.46723,             0.34309,             0.34415,             0.18728,            0.095652,             0.11355,            0.030462,           0.0012989,           0.0012989,           0.0012989
                 267,            0.094754,             0.10039,            0.019233,             0.46553,             0.34335,             0.34408,             0.18732,            0.095655,             0.11358,            0.030468,           0.0012822,           0.0012822,           0.0012822
                 268,            0.094812,              0.1026,            0.019415,             0.46879,             0.34126,             0.34398,             0.18738,            0.095658,              0.1136,            0.030474,            0.001266,            0.001266,            0.001266
                 269,            0.094911,             0.10181,            0.019163,             0.45808,             0.34627,             0.34405,             0.18742,            0.095661,             0.11365,            0.030479,           0.0012503,           0.0012503,           0.0012503
                 270,            0.095162,             0.10258,            0.019222,             0.46834,             0.34094,             0.34395,             0.18737,            0.095664,             0.11367,            0.030485,            0.001235,            0.001235,            0.001235
                 271,            0.094659,             0.10111,             0.01919,             0.45858,              0.3456,             0.34397,             0.18742,            0.095669,             0.11368,            0.030491,           0.0012202,           0.0012202,           0.0012202
                 272,            0.094866,             0.10141,            0.019434,             0.46132,             0.34405,             0.34388,             0.18743,            0.095672,             0.11368,            0.030496,           0.0012059,           0.0012059,           0.0012059
                 273,            0.094814,             0.10168,            0.019034,             0.46957,              0.3399,             0.34378,              0.1873,            0.095674,             0.11375,            0.030501,           0.0011921,           0.0011921,           0.0011921
                 274,            0.094478,             0.10118,            0.019282,             0.47004,             0.33944,              0.3435,              0.1872,            0.095677,             0.11376,            0.030505,           0.0011787,           0.0011787,           0.0011787
                 275,            0.095109,             0.10336,            0.019132,             0.46409,             0.34249,             0.34349,             0.18734,            0.095681,             0.11379,             0.03051,           0.0011658,           0.0011658,           0.0011658
                 276,            0.094721,             0.10251,            0.019048,             0.46467,             0.34238,             0.34333,             0.18706,            0.095685,             0.11384,             0.03052,           0.0011533,           0.0011533,           0.0011533
                 277,            0.094975,             0.10191,            0.019188,             0.46418,             0.34195,             0.34322,             0.18707,            0.095687,             0.11382,            0.030525,           0.0011414,           0.0011414,           0.0011414
                 278,             0.09479,             0.10179,            0.018968,             0.46381,             0.34183,             0.34288,             0.18696,            0.095691,             0.11389,            0.030528,           0.0011299,           0.0011299,           0.0011299
                 279,             0.09501,             0.10273,            0.019124,             0.46179,             0.34233,             0.34305,             0.18688,            0.095695,             0.11391,            0.030534,           0.0011189,           0.0011189,           0.0011189
                 280,            0.094987,             0.10149,            0.019213,             0.46014,             0.34275,             0.34244,             0.18676,            0.095701,             0.11393,             0.03054,           0.0011084,           0.0011084,           0.0011084
                 281,            0.094892,             0.10285,            0.019184,             0.46059,             0.34323,             0.34262,             0.18679,            0.095704,             0.11395,            0.030547,           0.0010983,           0.0010983,           0.0010983
                 282,            0.094985,             0.10218,            0.019124,             0.46075,             0.34322,             0.34243,             0.18669,            0.095708,             0.11398,            0.030553,           0.0010888,           0.0010888,           0.0010888
                 283,            0.095223,             0.10278,            0.018928,             0.46215,              0.3424,             0.34226,             0.18648,            0.095712,             0.11401,            0.030561,           0.0010797,           0.0010797,           0.0010797
                 284,            0.094446,             0.10091,            0.018961,             0.45946,             0.34351,             0.34226,             0.18637,            0.095717,             0.11402,             0.03057,           0.0010711,           0.0010711,           0.0010711
                 285,            0.094788,             0.10228,            0.018897,             0.45933,             0.34373,              0.3421,             0.18619,            0.095721,             0.11403,            0.030576,            0.001063,            0.001063,            0.001063
                 286,            0.094523,             0.10107,            0.019004,              0.4631,             0.34163,             0.34261,             0.18632,            0.095723,              0.1141,             0.03058,           0.0010554,           0.0010554,           0.0010554
                 287,            0.094729,             0.10282,            0.018991,             0.46459,             0.34087,             0.34226,              0.1862,            0.095729,             0.11414,            0.030589,           0.0010483,           0.0010483,           0.0010483
                 288,             0.09447,             0.10004,            0.018911,             0.45824,             0.34361,             0.34199,             0.18612,            0.095733,             0.11414,            0.030598,           0.0010416,           0.0010416,           0.0010416
                 289,            0.094546,             0.10076,            0.018926,             0.45795,             0.34369,              0.3419,             0.18612,            0.095738,             0.11422,            0.030607,           0.0010355,           0.0010355,           0.0010355
                 290,            0.094267,             0.10097,            0.018869,             0.50272,             0.32427,             0.34175,             0.18611,            0.095742,             0.11421,            0.030616,           0.0010298,           0.0010298,           0.0010298
                 291,            0.094295,             0.10187,            0.018804,             0.50186,               0.325,             0.34172,             0.18603,            0.095747,             0.11421,            0.030623,           0.0010247,           0.0010247,           0.0010247
                 292,            0.094959,             0.10202,            0.018961,              0.5005,             0.32535,             0.34182,             0.18609,            0.095751,             0.11426,            0.030631,             0.00102,             0.00102,             0.00102
                 293,            0.094441,             0.10149,            0.019005,             0.50317,             0.32423,             0.34177,              0.1861,            0.095756,             0.11428,            0.030638,           0.0010158,           0.0010158,           0.0010158
                 294,            0.094324,             0.10004,            0.018892,             0.50283,             0.32416,             0.34173,             0.18612,             0.09576,             0.11429,            0.030646,           0.0010121,           0.0010121,           0.0010121
                 295,            0.094459,             0.10197,            0.018837,             0.50306,             0.32407,             0.34166,             0.18598,            0.095765,              0.1144,            0.030655,           0.0010089,           0.0010089,           0.0010089
                 296,            0.094509,             0.10096,            0.018777,             0.50011,             0.32492,             0.34153,             0.18595,            0.095768,             0.11439,            0.030663,           0.0010062,           0.0010062,           0.0010062
                 297,            0.094418,             0.10172,            0.018895,             0.49817,             0.32559,             0.34142,              0.1858,            0.095773,             0.11443,            0.030673,           0.0010039,           0.0010039,           0.0010039
                 298,            0.094439,             0.10174,            0.018883,             0.49917,             0.32501,             0.34135,             0.18578,            0.095778,             0.11445,            0.030683,           0.0010022,           0.0010022,           0.0010022
                 299,            0.094369,              0.1006,            0.018803,             0.49429,             0.32636,             0.34101,             0.18561,            0.095783,             0.11449,            0.030692,            0.001001,            0.001001,            0.001001
